Last_Name,First_Name,Athlete_ID,Nationality,YOB,Gender
Kaufmann,Ingegerd,15534,SUI,1982,Female
Makovec,Veronica,15301,CZE,1983,Female
Takeda,Kaho,15302,JPN,1983,Female
Watanabe,Akito,15303,JPN,1984,Male
Chlebek,Angelika,15304,POL,1977,Female
Sanchez,Constanza,15305,CHI,1987,Female
Lopez,Javier,15306,MEX,1986,Male
Sedlacek,Matthias,15307,CZE,1982,Male
Chong,Baek Hyeon,15308,KOR,1990,Male
Sakong,Ha-yoon,15309,KOR,1990,Female
Garc°a,Alejandro,15311,MEX,1987,Male
Mendoza,Berenice,15312,MEX,1989,Female
Keighley,Heidi,15313,NZL,1988,Female
Fernandes,Pedro,15314,POR,1988,Male
Kuznetsov,Egor,15315,RUS,1986,Male
Fekete,Zselyke,15316,HUN,1988,Female
Esposito,Giovanna,15317,ITA,1988,Female
Simmons,Lucarina,15318,BER,1987,Female
Henderson,Alexander,15319,GBR,1988,Male
Sheeran,Victoria,15320,GBR,1986,Female
Casilla,Miguel,15321,ESP,1986,Male
Silchenko,Oleksandra,15322,UKR,1988,Female
Cheng,Yuetung,15323,MAC,1984,Female
Khumalo,Lesedi,15324,RSA,1978,Female
Govender,Minenhle,15325,RSA,1981,Female
Madeiros,Henrique,15326,BRA,1986,Male
Auricht,Tahlia,15327,AUS,1990,Female
Whitworth,Hamish,15328,AUS,1990,Male
Santos,Rodrigo,15329,POR,1987,Male
Oliveira,Tiago,15330,POR,1989,Male
Brathwaite,Jeremias,15331,BAR,1990,Male
Kovacs,Andras,15332,HUN,1988,Male
Bartolomucci,Pasqual,15333,ITA,1988,Male
Laska,Jaroslav,15334,SVK,1989,Male
Frossard,Pierre,15335,FRA,1989,Male
Mammadova,Yusif,15336,AZE,1987,Male
Hauser,Ardit,15337,SUI,1989,Male
Braamˇ,Janneke,15338,NED,1990,Female
Henderson,Nathaniel,15339,GBR,1990,Male
Foster,Charlotte,15340,GBR,1989,Female
Torres,Alejandro,15341,ESP,1990,Male
Galambos,Luca,15342,HUN,1989,Male
Oblak,Bratislav,15343,SRB,1990,Male
Anderson,Isaac,15344,NZL,1988,Male
Schuster,Magdalena,15345,AUT,1990,Female
Schwarz,Katharina,15346,AUT,1991,Female
Delgado,Rafael,15347,MEX,1989,Male
Miyamoto,Momoka,15348,JPN,1983,Female
Golovakha,Nikolay,15349,RUS,1986,Male
Belinsky,Vladimir,15350,RUS,1991,Male
Parry-Okeden,Ashleigh,15351,AUS,1991,Female
Bauer,Tobias,15352,AUT,1986,Male
Travkin,Inna,15353,RUS,1991,Female
Lakatos,Szofia,15354,HUN,1994,Female
Smith,Thato,15355,RSA,1989,Male
Contreras,Sebastian,15356,CHI,1991,Male
Huang,Crystal,15357,CHN,1987,Female
Hammond,Zachary,15358,USA,1992,Male
Nakamura,Yui,15359,JPN,1991,Female
Kim,Yihwa,15360,KOR,1988,Female
Mullner,Alina,15361,AUT,1992,Female
Namkung,Woong,15362,KOR,1989,Male
Hoffmann,Thierry,15363,LUX,1990,Male
Kato,Nanami,15364,JPN,1992,Female
Winfield,Ethan,15365,USA,1992,Male
Edwards,Peter,15366,GBR,1991,Male
Hoffmann,Alois,15367,AUT,1992,Male
Dunn,Bella,15368,NZL,1992,Female
Timmermany,Saskia,15369,NED,1990,Female
Rasmussen,Logan,15370,CAN,1991,Male
Perez,Tabhata,15371,MEX,1988,Female
Rojas,Jorge,15372,MEX,1992,Male
Rodriguez,Maria,15373,MEX,1992,Female
Salas,Marisol,15374,MEX,1991,Female
Verhoeven,Lucas,15375,BEL,1993,Male
Huseynova,Fatima,15376,AZE,1989,Female
Jelinek,Zuzka,15377,CZE,1991,Female
Cheung,Li Xiu Ying,15378,HKG,1994,Female
Copeland,Ryan,15379,AUS,1991,Male
Lachman,Justin,15380,AUS,1990,Male
Wright,Matias,15381,BAR,1992,Male
Bergeron,Rebecca,15382,CAN,1992,Female
Samaniego,Fernando,15383,ESP,1991,Male
Hermansen,Thanush,15384,DEN,1991,Male
Ouvrard,Arnaud,15385,FRA,1990,Male
De Vargas,Javier,15386,ESP,1991,Male
Dlamini,Lubanzi,15387,RSA,1991,Male
Schmit,Henri,15388,LUX,1993,Male
Mahlangu,Kamogelo,15389,RSA,1993,Male
Hughes,Ashleigh,15390,GBR,1989,Female
Okamoto,Danuja,15391,JPN,1991,Male
Menendez,Carolina,15392,ESP,1992,Female
Tang,Seo Joon,15393,KOR,1995,Male
Mancini,Federico,15394,ITA,1993,Male
Martçnez,Araceli,15395,MEX,1993,Female
Murphy,Connor,15396,IRL,1991,Male
Robinson,Camille,15397,CAN,1992,Female
Taylor,Alexandra,15398,CAN,1993,Female
Dugdale,Hayley,15399,AUS,1991,Female
Campanella,Camellia,15400,ITA,1987,Female
Pestano,Marta,15401,ESP,1990,Female
Hashimoto,Kaito,15402,JPN,1989,Male
Boudreaux,Antoine,15403,FRA,1993,Male
Navarro,Marcelo,15404,ESP,1991,Male
Vanderplancke,Ruben,15405,BEL,1993,Male
Chen,Wang,15406,CHN,1990,Female
Goossens,Benjamin,15407,BEL,1991,Male
Gallagher,Sean,15408,IRL,1992,Male
Neumann,Friedrich,15409,GER,1992,Male
Wiesinger,Sophie,15410,AUT,1994,Female
Poitrenaud,Elodie,15411,FRA,1994,Female
Jansen,Luca,15412,NED,1992,Male
Fredriksen,Herman,15413,NOR,1994,Male
Diederich,Luca,15414,LUX,1995,Male
Shalom,Yitzchak,15415,ISR,1994,Male
Friedman,Abraham,15416,ISR,1994,Male
Dumont,Alexander,15417,BEL,1995,Male
Zimmermann,Agnetta,15418,SUI,1992,Female
Lamaro,Dani,15419,AUS,1992,Female
Walkington,Lucas,15420,AUS,1993,Male
Birtwhistle,Brandon,15421,AUS,1995,Male
Paternoster,Joel,15422,USA,1994,Male
Abrahamson,Hayden,15423,USA,1995,Male
Cordero,Mateo,15424,ARG,1994,Male
Vasin,Nikita,15425,RUS,1990,Female
Cavanagh,Theo,15426,NZL,1994,Male
Rossi,Marcello,15427,ITA,1994,Male
Bouchard,Jason,15428,CAN,1991,Male
Ostberg,Mathias,15429,NOR,1995,Male
Washington,Christopher,15430,GBR,1994,Male
Mancisidor,Carmen,15431,ESP,1994,Female
Enger,Jakob,15432,NOR,1996,Male
Jakobsen,Astrid,15433,NOR,1996,Female
Adderley,Maria Clara,15434,BRA,1994,Female
Petroff,Oleg,15435,RUS,1993,Male
Diaz,Carlos,15436,MEX,1993,Male
Silva,Carolina,15437,POR,1995,Female
Van de Berg,Lars,15438,NED,1995,Male
Kozlovsky,Annushka,15439,RUS,1994,Female
Gruber,Lukas,15440,AUT,1996,Male
Collins,Thomas,15441,GBR,1994,Male
Bryant,Phillip,15442,GBR,1994,Male
Coulthard,Thibault,15443,FRA,1994,Male
Robertson,Samuel,15444,CAN,1994,Male
Williams,Jessica,15445,GBR,1994,Female
Rodr°guez,Tatiana,15446,COL,1993,Female
Fazekas,Taavetti,15447,HUN,1995,Male
Anderson,Sophia,15448,GBR,1995,Female
Schulze,Johannes,15449,NED,1995,Male
Saito,Minato,15450,JPN,1995,Male
Fraser,Stephen,15451,NZL,1996,Male
Wheelwright,Sam,15452,AUS,1996,Male
Pereira,Miguel,15453,POR,1994,Male
Moshe,Eviatar,15454,ISR,1995,Male
Visser,Reza,15455,NED,1995,Female
Tremblay,Ethan,15456,CAN,1994,Male
Musson,Juliano,15457,BRA,1996,Male
Wainwright,Fernanda,15458,BRA,1986,Female
Stollar,Domokos,15459,HUN,1996,Male
Dong,Jing,15460,CHN,1996,Female
De Luca,Cachelle,15461,ITA,1996,Female
Bauer,Mia,15462,GER,1994,Female
Berger,Hans,15463,GER,1991,Male
Odermatt,Wolfgang,15464,SUI,1994,Male
Salvik,Dominik,15465,CZE,1994,Male
Verstraeten,Jayden,15466,BEL,1995,Male
Torres,Adriana,15467,MEX,1995,Female
Bartos,Liliana,15468,SVK,1994,Female
Baumgartner,Anouk,15469,SUI,1993,Female
Schmidt,Samuel,15470,SUI,1995,Male
Lombardi,Aurora,15471,ITA,1994,Female
Bannister,Taylor,15472,USA,1996,Female
Schmidt,Helmut,15473,GER,1995,Male
Auger,Francois,15474,FRA,1996,Male
Moitessier,Laurine,15475,FRA,1997,Female
Dupont,Clementine,15476,FRA,1997,Female
Hernandez,Carlos,15477,ESP,1995,Male
Kubo,Yuuto,15478,JPN,1993,Male
Jaakko,Jaakko,15479,FIN,1994,Male
Gillespie,Anahera,15480,NZL,1996,Female
Eames,Emma,15481,AUS,1994,Female
Guardado,Ana Maria,15482,ESP,1997,Female
Herrmann,Kurt,15483,GER,1994,Male
Joyner,Jasmine,15484,USA,1989,Female
Santiago,Ariadna,15485,ESP,1997,Female
Meyer,Felicia,15486,NED,1997,Female
Tucker,Guilherme,15487,BRA,1996,Male
Cermak,Monika,15488,CZE,1996,Female
Zheng,Zhou,15489,CHN,1986,Male
Nakagawa,Miyu,15490,JPN,1997,Female
Berger,Dietiker,15491,SUI,1996,Male
Becker,Stefan,15492,GER,1996,Male
Pelletier,Matthew,15494,CAN,1993,Male
Simoncelli,Donatella,15495,ITA,1992,Female
Samuelson,Madison,15496,USA,1990,Female
Mertens,Lina,15497,BEL,1988,Female
Martinez,Lorena,15498,ESP,1988,Female
Womack,William,15499,USA,1997,Male
Arnseen,Nikolai,15500,NOR,1997,Male
Stewart,Danielle,15501,GBR,1988,Female
Vidmar,Sergej,15502,SLO,1992,Male
Thompson,Cameron,15503,CAN,1997,Male
Trott,Isabella,15504,BER,1998,Female
Atkinson,Oliver,15505,NZL,1998,Male
Blanchard,Alexia,15506,FRA,1995,Female
Davison,Savannah,15507,USA,1998,Female
Marshall,Flynn,15508,AUS,1998,Male
Flores,Leticia,15509,MEX,1998,Female
Beranek,Kelly-Ann,15510,AUS,1992,Female
Wagner,Julian,15511,GER,1996,Male
De Vries,Florine,15512,NED,1998,Female
Franklyn,Melissa,15513,USA,1991,Female
Lightbourn,Luiza,15514,BRA,1996,Female
Rodrigues,Ana,15515,POR,1995,Female
Brandstatter,Isabella,15516,AUT,1998,Female
Colbert,Kimberly,15517,USA,1991,Female
Okada,Haruka,15518,JPN,1998,Female
Khang,Seo-yeon,15519,KOR,1998,Female
Schneider,Emilia,15520,SUI,1996,Female
De Villiers,Ludivine,15521,FRA,1996,Female
Harrak,Adil,15522,MAR,1994,Male
Timberlake,Sydney,15523,USA,1991,Female
McCarthy,Amelia,15524,IRL,1997,Female
Matthews,Hayden,15525,AUS,1996,Male
Lungu,Mihaela,15526,ROU,1995,Female
Belanger,Samantha,15527,CAN,1999,Female
Van Damme,Valentina,15528,BEL,1991,Female
Schumacher,Sophie,15529,GER,1988,Female
Jung,Ji-woo,15530,KOR,1999,Female
Cheng,Hui-chun,15531,TPE,1998,Female
Overton,Jaiden,15532,USA,1992,Male
Bishop,Mikayla,15533,NZL,1999,Female
Buist,Corey,15300,NZL,1997,Male
Krause,Helena,15535,GER,1998,Female
Einarsson,Artina,15536,ISL,1994,Female
Liau,Pei-shan,15537,TPE,1998,Female
Yoxall,Madeline,15538,USA,1994,Female
Josephson,Austin,15539,USA,1993,Male
Schneider,Lina,15493,GER,1996,Female
